{"weight_vec1": [7.911689281463623, -18.316316604614258, -0.7162187695503235], "bias1": -0.5317143201828003, "weight_vec2": [0.5659822225570679, 34.06083679199219, -0.2012186199426651], "bias2": -26.425512313842773, "weight_out": [-12.118104934692383, -14.726530075073242], "bias_out": -0.35491013526916504}